{
  "model_type": "1D_CNN",
  "window_size": 10,
  "feature_columns": [
    "power_smooth",
    "power_avg_30s",
    "power_avg_60s",
    "power_std_30s",
    "power_std_60s",
    "power_min_30s",
    "power_max_30s",
    "power_range_30s",
    "power_derivative",
    "time_in_range",
    "power_oscillation"
  ],
  "n_features": 11,
  "classes": [
    "IDLE",
    "RINSE",
    "SPIN",
    "WASHING"
  ],
  "metrics": {
    "train_accuracy": 0.7501277465508431,
    "test_accuracy": 0.7448979591836735,
    "confusion_matrix": [
      [
        4,
        2,
        0,
        0
      ],
      [
        1,
        236,
        1,
        60
      ],
      [
        0,
        1,
        29,
        0
      ],
      [
        0,
        60,
        0,
        96
      ]
    ],
    "classification_report": {
      "IDLE": {
        "precision": 0.8,
        "recall": 0.6666666666666666,
        "f1-score": 0.7272727272727273,
        "support": 6.0
      },
      "RINSE": {
        "precision": 0.7892976588628763,
        "recall": 0.7919463087248322,
        "f1-score": 0.7906197654941374,
        "support": 298.0
      },
      "SPIN": {
        "precision": 0.9666666666666667,
        "recall": 0.9666666666666667,
        "f1-score": 0.9666666666666667,
        "support": 30.0
      },
      "WASHING": {
        "precision": 0.6153846153846154,
        "recall": 0.6153846153846154,
        "f1-score": 0.6153846153846154,
        "support": 156.0
      },
      "accuracy": 0.7448979591836735,
      "macro avg": {
        "precision": 0.7928372352285397,
        "recall": 0.7601660643606952,
        "f1-score": 0.7749859437045367,
        "support": 490.0
      },
      "weighted avg": {
        "precision": 0.7449198006961983,
        "recall": 0.7448979591836735,
        "f1-score": 0.7448333193487537,
        "support": 490.0
      }
    }
  },
  "trained_at": "2025-11-30T19:21:53.793870"
}