{
  "model_type": "1D_CNN",
  "window_size": 10,
  "feature_columns": [
    "power_smooth",
    "power_avg_30s",
    "power_avg_60s",
    "power_std_30s",
    "power_std_60s",
    "power_min_30s",
    "power_max_30s",
    "power_range_30s",
    "power_derivative",
    "time_in_range",
    "power_oscillation"
  ],
  "n_features": 11,
  "classes": [
    "IDLE",
    "RINSE",
    "SPIN",
    "WASHING"
  ],
  "metrics": {
    "train_accuracy": 0.7455288707204906,
    "test_accuracy": 0.7408163265306122,
    "confusion_matrix": [
      [
        0,
        6,
        0,
        0
      ],
      [
        0,
        227,
        1,
        70
      ],
      [
        0,
        0,
        30,
        0
      ],
      [
        0,
        50,
        0,
        106
      ]
    ],
    "classification_report": {
      "IDLE": {
        "precision": 0.0,
        "recall": 0.0,
        "f1-score": 0.0,
        "support": 6.0
      },
      "RINSE": {
        "precision": 0.8021201413427562,
        "recall": 0.761744966442953,
        "f1-score": 0.7814113597246127,
        "support": 298.0
      },
      "SPIN": {
        "precision": 0.967741935483871,
        "recall": 1.0,
        "f1-score": 0.9836065573770492,
        "support": 30.0
      },
      "WASHING": {
        "precision": 0.6022727272727273,
        "recall": 0.6794871794871795,
        "f1-score": 0.6385542168674698,
        "support": 156.0
      },
      "accuracy": 0.7408163265306122,
      "macro avg": {
        "precision": 0.5930337010248385,
        "recall": 0.6103080364825331,
        "f1-score": 0.600893033492283,
        "support": 490.0
      },
      "weighted avg": {
        "precision": 0.7388134808963325,
        "recall": 0.7408163265306122,
        "f1-score": 0.738741305613411,
        "support": 490.0
      }
    }
  },
  "trained_at": "2025-11-30T19:43:27.649241"
}